,Mean,MCSE,StdDev,5%,50%,95%,N_Eff,N_Eff/s,R_hat
lp__,-29862.1,0.0272487,1.21943,-29864.6,-29861.8,-29860.8,2002.73,0.793204,0.999808
v_easy,0.303869,0.000275154,0.0132964,0.282321,0.30372,0.32595,2335.16,0.92487,0.999841
v_hard,0.286112,0.000204114,0.0107258,0.268468,0.286169,0.303698,2761.3,1.09365,0.999896
beta_logit,-0.192086,0.000202386,0.0098455,-0.208462,-0.192226,-0.17567,2366.54,0.937297,0.99962
beta,0.452127,5.01313e-05,0.00243875,0.448072,0.452091,0.456195,2366.56,0.937305,0.99962
v_diff,0.0177572,0.000276224,0.0155176,-0.00801278,0.0178334,0.0430074,3155.92,1.24994,0.999899
p_v_easy_gt_v_hard,0.8745,0.00619627,0.331326,0.0,1.0,1.0,2859.24,1.13244,0.99904
